"Country or Area","Year","Value","Value Footnotes"
"Albania","2020","29.4","1"
"Albania","2019","30.1","1"
"Albania","2018","30.1","1"
"Albania","2017","33.1","1"
"Albania","2016","33.7","1"
"Albania","2015","32.8","1"
"Albania","2014","34.6","1"
"Albania","2012","29","2"
"Albania","2008","30","2"
"Albania","2005","30.6","2"
"Albania","2002","31.7","2"
"Albania","1996","27","3"
"Algeria","2011","27.6","4"
"Algeria","1995","35.3","5"
"Algeria","1988","37.4","6"
"Angola","2018","51.3","7"
"Angola","2008","42.7","8"
"Angola","2000","51.9","1"
"Argentina","2022","40.7","9"
"Argentina","2021","42.4","9"
"Argentina","2020","42.7","9"
"Argentina","2019","43.3","9"
"Argentina","2018","41.7","9"
"Argentina","2017","41.4","9"
"Argentina","2016","42.3","9"
"Argentina","2014","41.8","9"
"Argentina","2013","41.1","9"
"Argentina","2012","41.4","9"
"Argentina","2011","42.7","9"
"Argentina","2010","43.7","9"
"Argentina","2009","43.8","9"
"Argentina","2008","45","9"
"Argentina","2007","46.3","9"
"Argentina","2006","46.4","9"
"Argentina","2005","47.8","9"
"Argentina","2004","48.5","9"
"Argentina","2003","51","9"
"Argentina","2002","53.8","10"
"Argentina","2001","53.3","10"
"Argentina","2000","51","10"
"Argentina","1999","49.8","10"
"Argentina","1998","50.7","10"
"Argentina","1997","49.1","10"
"Argentina","1996","49.5","10"
"Argentina","1995","48.9","10"
"Argentina","1994","45.9","10"
"Argentina","1993","44.8","10"
"Argentina","1992","45.5","10"
"Argentina","1991","46.8","10"
"Argentina","1987","45.3","10"
"Argentina","1986","42.8","10"
"Argentina","1980","40.8","11"
"Armenia","2022","27.9","12"
"Armenia","2021","27.9","12"
"Armenia","2020","25.1","12"
"Armenia","2019","30","12"
"Armenia","2018","34.4","12"
"Armenia","2017","33.6","12"
"Armenia","2016","32.5","12"
"Armenia","2015","32.4","12"
"Armenia","2014","31.5","12"
"Armenia","2013","30.6","12"
"Armenia","2012","29.6","12"
"Armenia","2011","29.4","12"
"Armenia","2010","30","12"
"Armenia","2009","28","12"
"Armenia","2008","29.2","12"
"Armenia","2007","31.2","12"
"Armenia","2006","29.7","12"
"Armenia","2005","36","12"
"Armenia","2004","37.5","12"
"Armenia","2003","33","12"
"Armenia","2002","34.8","12"
"Armenia","2001","35.4","12"
"Armenia","1999","36.2","12"
"Australia","2018","34.3","13"
"Australia","2016","33.7","14"
"Australia","2014","34.4","13"
"Australia","2010","34.7","14"
"Australia","2008","35.4","13"
"Australia","2004","33.1","14"
"Australia","2003","33.5","13"
"Australia","2001","33.5","13"
"Australia","1995","32.6","13"
"Australia","1989","33.2","15"
"Australia","1985","32.5","16"
"Australia","1981","31.3","17"
"Austria","2021","30.7","18"
"Austria","2020","29.8","18"
"Austria","2019","30.2","18"
"Austria","2018","30.8","18"
"Austria","2017","29.7","18"
"Austria","2016","30.8","18"
"Austria","2015","30.5","18"
"Austria","2014","30.5","18"
"Austria","2013","30.8","18"
"Austria","2012","30.5","18"
"Austria","2011","30.8","18"
"Austria","2010","30.3","18"
"Austria","2009","31.5","18"
"Austria","2008","30.4","18"
"Austria","2007","30.6","18"
"Austria","2006","29.6","18"
"Austria","2005","28.7","18"
"Austria","2004","29.8","18"
"Austria","2003","29.5","18"
"Austria","2000","29","19"
"Austria","1999","29.7","19"
"Austria","1998","31.3","19"
"Austria","1997","29.1","19"
"Austria","1996","29.3","19"
"Austria","1995","29.9","19"
"Austria","1994","30.8","19"
"Azerbaijan","2005","26.6","1"
"Azerbaijan","2004","26.6","1"
"Azerbaijan","2003","26.8","1"
"Azerbaijan","2002","25.3","1"
"Azerbaijan","2001","36.5","1"
"Azerbaijan","1995","34.6","20"
"Bangladesh","2022","33.4","21"
"Bangladesh","2016","32.4","21"
"Bangladesh","2010","32.1","21"
"Bangladesh","2005","33.2","21"
"Bangladesh","2000","33.4","21"
"Bangladesh","1995","32.9","22"
"Bangladesh","1991","27.6","22"
"Bangladesh","1988","28.8","23"
"Bangladesh","1985","26.9","23"
"Bangladesh","1983","25.9","23"
"Belarus","2020","24.4","24"
"Belarus","2019","25.3","24"
"Belarus","2018","25.2","24"
"Belarus","2017","25.4","24"
"Belarus","2016","25.3","24"
"Belarus","2015","25.6","24"
"Belarus","2014","27.2","24"
"Belarus","2013","26.6","24"
"Belarus","2012","26.5","24"
"Belarus","2011","27.2","24"
"Belarus","2010","28.6","24"
"Belarus","2009","27.7","24"
"Belarus","2008","27.8","24"
"Belarus","2007","29.6","24"
"Belarus","2006","28.3","24"
"Belarus","2005","27.6","24"
"Belarus","2004","26.5","24"
"Belarus","2003","28.8","24"
"Belarus","2002","30.3","24"
"Belarus","2001","30.6","24"
"Belarus","2000","31.2","24"
"Belarus","1999","31.7","24"
"Belarus","1998","32","24"
"Belgium","2021","26.6","18"
"Belgium","2020","26","18"
"Belgium","2019","27.2","18"
"Belgium","2018","27.2","18"
"Belgium","2017","27.4","18"
"Belgium","2016","27.6","18"
"Belgium","2015","27.7","18"
"Belgium","2014","28.1","18"
"Belgium","2013","27.7","18"
"Belgium","2012","27.5","18"
"Belgium","2011","28.1","18"
"Belgium","2010","28.4","18"
"Belgium","2009","28.6","18"
"Belgium","2008","28.4","18"
"Belgium","2007","29.2","18"
"Belgium","2006","28.1","18"
"Belgium","2005","29.3","18"
"Belgium","2004","30.5","18"
"Belgium","2003","28.1","18"
"Belgium","2000","33.1","25"
"Belgium","1997","26.8","26"
"Belgium","1995","28.4","25"
"Belgium","1992","24.9","26"
"Belgium","1988","25.7","26"
"Belgium","1985","25.2","26"
"Belize","1999","53.2","27"
"Belize","1998","54.9","27"
"Belize","1997","60.4","27"
"Belize","1996","56.5","28"
"Belize","1994","60.9","27"
"Belize","1993","60.2","27"
"Benin","2021","34.4","29"
"Benin","2018","37.9","29"
"Benin","2015","47.6","30"
"Benin","2011","43.4","30"
"Benin","2003","38.6","31"
"Bhutan","2022","28.5","32"
"Bhutan","2017","37.4","32"
"Bhutan","2012","38.8","32"
"Bhutan","2007","38.1","32"
"Bhutan","2003","40.9","32"
"Bolivia","2021","40.9","33"
"Bolivia","2020","43.6","33"
"Bolivia","2019","41.6","33"
"Bolivia","2018","42.6","33"
"Bolivia","2017","44.6","33"
"Bolivia","2016","45.2","33"
"Bolivia","2015","46.7","33"
"Bolivia","2014","47.8","33"
"Bolivia","2013","47.6","33"
"Bolivia","2012","46.6","33"
"Bolivia","2011","46.1","33"
"Bolivia","2009","49.2","33"
"Bolivia","2008","50.8","33"
"Bolivia","2007","54.5","33"
"Bolivia","2006","56.7","33"
"Bolivia","2005","58.5","33"
"Bolivia","2004","55","34"
"Bolivia","2002","59.3","33"
"Bolivia","2001","57.4","33"
"Bolivia","2000","61.6","34"
"Bolivia","1999","58","34"
"Bolivia","1997","58.1","35"
"Bolivia","1992","49.1","36"
"Bolivia","1990","42","37"
"Bosnia and Herzegovina","2011","33","1"
"Bosnia and Herzegovina","2007","33.1","1"
"Bosnia and Herzegovina","2004","34","2"
"Bosnia and Herzegovina","2001","30","2"
"Botswana","2015","53.3","38"
"Botswana","2009","60.5","39"
"Botswana","2002","64.7","21"
"Botswana","1993","60.1","40"
"Botswana","1985","54.2","40"
"Brazil","2022","52","41"
"Brazil","2021","52.9","42"
"Brazil","2020","48.9","42"
"Brazil","2019","53.5","41"
"Brazil","2018","53.9","41"
"Brazil","2017","53.3","41"
"Brazil","2016","53.4","41"
"Brazil","2015","51.9","41"
"Brazil","2014","52","41"
"Brazil","2013","52.7","41"
"Brazil","2012","53.4","41"
"Brazil","2011","52.9","43"
"Brazil","2009","53.7","43"
"Brazil","2008","54","43"
"Brazil","2007","54.9","43"
"Brazil","2006","55.6","43"
"Brazil","2005","56.3","43"
"Brazil","2004","56.5","43"
"Brazil","2003","57.6","43"
"Brazil","2002","58.1","43"
"Brazil","2001","58.4","43"
"Brazil","1999","59","43"
"Brazil","1998","59.6","43"
"Brazil","1997","59.8","43"
"Brazil","1996","59.8","43"
"Brazil","1995","59.5","43"
"Brazil","1993","60.1","43"
"Brazil","1992","53.1","43"
"Brazil","1990","60.4","43"
"Brazil","1989","63.2","43"
"Brazil","1988","61.4","43"
"Brazil","1987","59.6","43"
"Brazil","1986","58.4","43"
"Brazil","1985","55.5","43"
"Brazil","1984","58.3","43"
"Brazil","1983","58.9","43"
"Brazil","1982","58.4","43"
"Brazil","1981","57.9","43"
"Bulgaria","2021","39","18"
"Bulgaria","2020","40.5","18"
"Bulgaria","2019","40.3","18"
"Bulgaria","2018","41.3","18"
"Bulgaria","2017","40.4","18"
"Bulgaria","2016","40.6","18"
"Bulgaria","2015","38.6","18"
"Bulgaria","2014","37.4","18"
"Bulgaria","2013","36.6","18"
"Bulgaria","2012","36","18"
"Bulgaria","2011","34.3","18"
"Bulgaria","2010","35.7","18"
"Bulgaria","2009","33.8","18"
"Bulgaria","2008","33.6","18"
"Bulgaria","2007","36.1","18"
"Bulgaria","2006","35.7","18"
"Burkina Faso","2021","37.4","29"
"Burkina Faso","2018","43","29"
"Burkina Faso","2014","35.3","44"
"Burkina Faso","2009","39.8","45"
"Burkina Faso","2003","43.3","45"
"Burkina Faso","1998","49.9","46"
"Burkina Faso","1994","48","47"
"Burundi","2020","37.5","48"
"Burundi","2013","38.6","49"
"Burundi","2006","33.4","31"
"Burundi","1998","42.1","50"
"Burundi","1992","33.3","6"
"CÃ´te d'Ivoire","2021","35.3","29"
"CÃ´te d'Ivoire","2018","37.2","29"
"CÃ´te d'Ivoire","2015","41.5","51"
"CÃ´te d'Ivoire","2008","43.2","51"
"CÃ´te d'Ivoire","2002","41.3","51"
"CÃ´te d'Ivoire","1998","39","51"
"CÃ´te d'Ivoire","1995","40.6","51"
"CÃ´te d'Ivoire","1992","39.4","50"
"CÃ´te d'Ivoire","1988","36.9","52"
"CÃ´te d'Ivoire","1987","40.5","52"
"CÃ´te d'Ivoire","1986","38","52"
"CÃ´te d'Ivoire","1985","45.5","52"
"Cabo Verde","2015","42.4","53"
"Cabo Verde","2007","47.2","31"
"Cabo Verde","2001","52.5","53"
"Cameroon","2021","42.2","54"
"Cameroon","2014","46.6","55"
"Cameroon","2007","42.8","56"
"Cameroon","2001","42.1","57"
"Cameroon","1996","44.4","58"
"Canada","2019","31.7","59"
"Canada","2018","32.5","59"
"Canada","2017","33.3","59"
"Canada","2016","32.7","59"
"Canada","2015","33.7","59"
"Canada","2014","33.2","59"
"Canada","2013","33.8","59"
"Canada","2012","33.5","59"
"Canada","2011","32.7","60"
"Canada","2010","33.6","60"
"Canada","2009","34","60"
"Canada","2008","33.9","60"
"Canada","2007","33.8","60"
"Canada","2006","34.1","60"
"Canada","2005","33.6","60"
"Canada","2004","33.8","60"
"Canada","2003","33.8","60"
"Canada","2002","33.6","60"
"Canada","2001","33.6","60"
"Canada","2000","33.4","60"
"Canada","1999","33.1","60"
"Canada","1998","33.2","60"
"Canada","1997","33.1","60"
"Canada","1996","32.8","60"
"Canada","1995","31.5","61"
"Canada","1994","31.3","61"
"Canada","1993","31.7","61"
"Canada","1992","31.6","61"
"Canada","1991","31.9","61"
"Canada","1990","31.4","61"
"Canada","1989","31","61"
"Canada","1988","31.2","61"
"Canada","1987","31.7","61"
"Canada","1986","31.7","61"
"Canada","1985","33.2","61"
"Canada","1984","33.5","61"
"Canada","1982","32.9","61"
"Canada","1981","33","61"
"Canada","1979","33.5","61"
"Canada","1977","33.7","61"
"Canada","1975","34.1","61"
"Canada","1973","34.9","61"
"Canada","1971","37.2","61"
"Central African Republic","2021","43","29"
"Central African Republic","2008","56.2","62"
"Central African Republic","1992","59.3","63"
"Chad","2022","37.4","29"
"Chad","2018","37.5","29"
"Chad","2011","43.3","64"
"Chad","2003","39.8","65"
"Chile","2022","43","66"
"Chile","2020","47","66"
"Chile","2017","45.3","66"
"Chile","2015","45.3","66"
"Chile","2013","46.8","66"
"Chile","2011","46.9","66"
"Chile","2009","47.4","66"
"Chile","2006","47.7","66"
"Chile","2003","51.5","66"
"Chile","2000","52.8","66"
"Chile","1998","55.5","66"
"Chile","1996","54.9","66"
"Chile","1994","56.4","66"
"Chile","1992","54.8","66"
"Chile","1990","57.2","66"
"Chile","1987","56.2","66"
"China","2021","35.7","67"
"China","2020","37.1","67"
"China","2019","38.2","67"
"China","2018","38.5","67"
"China","2017","39.1","67"
"China","2016","38.5","67"
"China","2015","38.6","67"
"China","2014","39.2","67"
"China","2013","39.7","67"
"China","2012","42.2","67"
"China","2011","42.4","68"
"China","2010","43.7","68"
"China","2008","43","68"
"China","2005","40.9","68"
"China","2002","42","68"
"China","1999","38.7","68"
"China","1996","35.2","68"
"China","1993","33.9","68"
"China","1990","32.2","68"
"Colombia","2022","54.8","69"
"Colombia","2021","55.1","69"
"Colombia","2020","53.5","69"
"Colombia","2019","51.3","69"
"Colombia","2018","50.4","69"
"Colombia","2017","49.7","69"
"Colombia","2016","50.6","69"
"Colombia","2015","51","69"
"Colombia","2014","52.5","69"
"Colombia","2013","52.6","69"
"Colombia","2012","52.6","69"
"Colombia","2011","53.5","69"
"Colombia","2010","54.6","69"
"Colombia","2009","54.3","69"
"Colombia","2008","55.3","69"
"Colombia","2005","53.9","34"
"Colombia","2004","55","34"
"Colombia","2003","53.6","34"
"Colombia","2002","56","34"
"Colombia","2001","57.3","34"
"Colombia","2000","58.4","70"
"Colombia","1999","58.5","70"
"Colombia","1996","56.8","70"
"Colombia","1992","51.4","70"
"Colombia","1991","51.3","71"
"Colombia","1989","52.8","71"
"Colombia","1988","53.1","71"
"Colombia","1980","55.1","71"
"Comoros","2014","45.3","72"
"Comoros","2004","55.9","73"
"Congo","2011","48.9","74"
"Congo","2005","47.3","74"
"Costa Rica","2023","46.7","75"
"Costa Rica","2022","47.2","75"
"Costa Rica","2021","48.7","75"
"Costa Rica","2020","49.2","75"
"Costa Rica","2019","48.2","75"
"Costa Rica","2018","48","75"
"Costa Rica","2017","48.3","75"
"Costa Rica","2016","48.7","75"
"Costa Rica","2015","48.4","75"
"Costa Rica","2014","48.6","75"
"Costa Rica","2013","49.2","75"
"Costa Rica","2012","48.4","75"
"Costa Rica","2011","48.8","75"
"Costa Rica","2010","48","75"
"Costa Rica","2009","50.6","76"
"Costa Rica","2008","48.6","76"
"Costa Rica","2007","49.3","76"
"Costa Rica","2006","49.3","76"
"Costa Rica","2005","47.5","76"
"Costa Rica","2004","48.4","76"
"Costa Rica","2003","49.3","76"
"Costa Rica","2002","51.8","76"
"Costa Rica","2001","51.5","76"
"Costa Rica","2000","47.4","76"
"Costa Rica","1999","47.6","76"
"Costa Rica","1998","45.6","76"
"Costa Rica","1997","45.6","76"
"Costa Rica","1996","46.5","76"
"Costa Rica","1995","45.7","76"
"Costa Rica","1994","46.7","76"
"Costa Rica","1993","45.9","76"
"Costa Rica","1992","45.6","76"
"Costa Rica","1991","46.6","76"
"Costa Rica","1990","45.2","76"
"Costa Rica","1989","45.5","76"
"Costa Rica","1986","34.4","77"
"Costa Rica","1981","47.5","77"
"Croatia","2021","28.9","18"
"Croatia","2020","29.5","18"
"Croatia","2019","28.9","18"
"Croatia","2018","29.7","18"
"Croatia","2017","30.4","18"
"Croatia","2016","30.9","18"
"Croatia","2015","31.1","18"
"Croatia","2014","32.1","18"
"Croatia","2013","32","18"
"Croatia","2012","32.5","18"
"Croatia","2011","32.3","18"
"Croatia","2010","32.4","18"
"Croatia","2009","32.6","18"
"Cyprus","2021","31.3","18"
"Cyprus","2020","31.7","18"
"Cyprus","2019","31.2","18"
"Cyprus","2018","32.7","18"
"Cyprus","2017","31.4","18"
"Cyprus","2016","32.9","18"
"Cyprus","2015","34","18"
"Cyprus","2014","35.6","18"
"Cyprus","2013","37","18"
"Cyprus","2012","34.3","18"
"Cyprus","2011","32.6","18"
"Cyprus","2010","31.5","18"
"Cyprus","2009","32.1","18"
"Cyprus","2008","31.7","18"
"Cyprus","2007","31.1","18"
"Cyprus","2006","31.1","18"
"Cyprus","2005","30.3","18"
"Cyprus","2004","30.1","18"
"Czechia","2021","26.2","18"
"Czechia","2020","26.2","18"
"Czechia","2019","25.3","18"
"Czechia","2018","25","18"
"Czechia","2017","24.9","18"
"Czechia","2016","25.4","18"
"Czechia","2015","25.9","18"
"Czechia","2014","25.9","18"
"Czechia","2013","26.5","18"
"Czechia","2012","26.1","18"
"Czechia","2011","26.4","18"
"Czechia","2010","26.6","18"
"Czechia","2009","26.2","18"
"Czechia","2008","26.3","18"
"Czechia","2007","26","18"
"Czechia","2006","26.7","18"
"Czechia","2005","26.9","18"
"Czechia","2004","27.5","18"
"Czechia","2002","26.6","78"
"Czechia","1996","25.8","78"
"Czechia","1993","26.6","79"
"Czechia","1992","20.7","78"
"Dem. Rep. Congo","2020","44.7","80"
"Dem. Rep. Congo","2012","42.1","81"
"Dem. Rep. Congo","2004","41.6","81"
"Denmark","2021","28.3","18"
"Denmark","2020","27.5","18"
"Denmark","2019","27.7","18"
"Denmark","2018","28.2","18"
"Denmark","2017","28.7","18"
"Denmark","2016","28.2","18"
"Denmark","2015","28.2","18"
"Denmark","2014","28.4","18"
"Denmark","2013","28.5","18"
"Denmark","2012","27.8","18"
"Denmark","2011","27.3","18"
"Denmark","2010","27.2","18"
"Denmark","2009","26.7","18"
"Denmark","2008","25.2","18"
"Denmark","2007","26.2","18"
"Denmark","2006","25.9","18"
"Denmark","2005","25.2","18"
"Denmark","2004","24.9","18"
"Denmark","2003","25.6","18"
"Denmark","2000","23.8","82"
"Denmark","1995","23","82"
"Denmark","1992","24.7","82"
"Denmark","1987","26.2","82"
"Djibouti","2017","41.6","83"
"Djibouti","2013","44.1","83"
"Djibouti","2012","45.1","83"
"Djibouti","2002","40","83"
"Dominican Republic","2022","37","84"
"Dominican Republic","2021","38.5","84"
"Dominican Republic","2020","39.6","84"
"Dominican Republic","2019","41.9","84"
"Dominican Republic","2018","43.7","84"
"Dominican Republic","2017","42.2","84"
"Dominican Republic","2016","45.7","85"
"Dominican Republic","2015","45.2","85"
"Dominican Republic","2014","44.3","85"
"Dominican Republic","2013","47.7","85"
"Dominican Republic","2012","46.1","85"
"Dominican Republic","2011","47.7","85"
"Dominican Republic","2010","47.3","85"
"Dominican Republic","2009","48.9","85"
"Dominican Republic","2008","48.1","85"
"Dominican Republic","2007","48.9","85"
"Dominican Republic","2006","52","85"
"Dominican Republic","2005","50","85"
"Dominican Republic","2004","52","85"
"Dominican Republic","2003","52.1","85"
"Dominican Republic","2002","49.7","85"
"Dominican Republic","2001","50","85"
"Dominican Republic","2000","51.5","85"
"Dominican Republic","1997","48.9","85"
"Dominican Republic","1996","47.4","85"
"Dominican Republic","1992","51.1","86"
"Dominican Republic","1989","50.4","87"
"Dominican Republic","1986","47.8","87"
"Ecuador","2023","44.6","88"
"Ecuador","2022","45.5","88"
"Ecuador","2021","45.8","88"
"Ecuador","2020","47.3","88"
"Ecuador","2019","45.7","88"
"Ecuador","2018","45.4","88"
"Ecuador","2017","44.7","88"
"Ecuador","2016","45","88"
"Ecuador","2015","46","88"
"Ecuador","2014","45","88"
"Ecuador","2013","46.9","88"
"Ecuador","2012","46.1","88"
"Ecuador","2011","45.9","88"
"Ecuador","2010","48.8","88"
"Ecuador","2009","48.5","88"
"Ecuador","2008","49.8","88"
"Ecuador","2007","53.4","88"
"Ecuador","2006","52.2","88"
"Ecuador","2005","53","88"
"Ecuador","2004","53.9","88"
"Ecuador","2003","53.5","88"
"Ecuador","2000","56.3","89"
"Ecuador","1999","58.6","90"
"Ecuador","1998","49.6","91"
"Ecuador","1995","50.8","91"
"Ecuador","1994","53.3","90"
"Ecuador","1987","50.5","91"
"Egypt","2019","31.9","92"
"Egypt","2017","31.5","92"
"Egypt","2015","31.8","92"
"Egypt","2012","28.3","92"
"Egypt","2010","30.2","92"
"Egypt","2008","31.1","92"
"Egypt","2004","31.8","92"
"Egypt","1999","30.8","93"
"Egypt","1995","30.1","93"
"Egypt","1990","32","93"
"El Salvador","2022","38.8","76"
"El Salvador","2021","39","76"
"El Salvador","2019","38.8","76"
"El Salvador","2018","38.6","76"
"El Salvador","2017","38","76"
"El Salvador","2016","40","76"
"El Salvador","2015","40.6","76"
"El Salvador","2014","41.6","76"
"El Salvador","2013","43.4","76"
"El Salvador","2012","41.8","76"
"El Salvador","2011","42.3","76"
"El Salvador","2010","43.5","76"
"El Salvador","2009","45.8","76"
"El Salvador","2008","46.9","76"
"El Salvador","2007","45.2","76"
"El Salvador","2006","45.7","76"
"El Salvador","2005","48.5","76"
"El Salvador","2004","47.8","76"
"El Salvador","2003","50.4","76"
"El Salvador","2002","51.9","76"
"El Salvador","2001","51.3","76"
"El Salvador","2000","51.5","76"
"El Salvador","1999","52.1","76"
"El Salvador","1998","54.4","76"
"El Salvador","1996","51","76"
"El Salvador","1995","49.8","76"
"El Salvador","1991","53.8","76"
"El Salvador","1989","48.7","94"
"Estonia","2021","31.8","18"
"Estonia","2020","30.7","18"
"Estonia","2019","30.8","18"
"Estonia","2018","30.3","18"
"Estonia","2017","30.4","18"
"Estonia","2016","31.2","18"
"Estonia","2015","32.7","18"
"Estonia","2014","34.6","18"
"Estonia","2013","35.1","18"
"Estonia","2012","32.9","18"
"Estonia","2011","32.5","18"
"Estonia","2010","32","18"
"Estonia","2009","31.4","18"
"Estonia","2008","31.9","18"
"Estonia","2007","31.2","18"
"Estonia","2006","33.7","18"
"Estonia","2005","33.4","18"
"Estonia","2004","33.6","18"
"Estonia","2003","37.2","18"
"Eswatini","2016","54.6","21"
"Eswatini","2009","51.4","21"
"Eswatini","2000","53.1","21"
"Eswatini","1994","58.6","40"
"Ethiopia","2015","35","95"
"Ethiopia","2010","33.2","95"
"Ethiopia","2004","29.8","95"
"Ethiopia","1999","30","95"
"Ethiopia","1995","44.6","95"
"Fiji","2019","30.7","21"
"Fiji","2013","36.7","21"
"Fiji","2008","40.4","21"
"Fiji","2002","38.1","21"
"Finland","2021","27.7","18"
"Finland","2020","27.1","18"
"Finland","2019","27.7","18"
"Finland","2018","27.3","18"
"Finland","2017","27.4","18"
"Finland","2016","27.1","18"
"Finland","2015","27.1","18"
"Finland","2014","26.8","18"
"Finland","2013","27.2","18"
"Finland","2012","27.1","18"
"Finland","2011","27.6","18"
"Finland","2010","27.7","18"
"Finland","2009","27.5","18"
"Finland","2008","27.8","18"
"Finland","2007","28.3","18"
"Finland","2006","28","18"
"Finland","2005","27.6","18"
"Finland","2004","27.9","18"
"Finland","2003","27.7","18"
"Finland","2000","27.2","16"
"Finland","1995","23.5","16"
"Finland","1991","22.9","16"
"Finland","1987","22.2","16"
"France","2021","31.5","18"
"France","2020","30.7","18"
"France","2019","31.2","18"
"France","2018","32.4","18"
"France","2017","31.6","18"
"France","2016","31.9","18"
"France","2015","32.7","18"
"France","2014","32.3","18"
"France","2013","32.5","18"
"France","2012","33.1","18"
"France","2011","33.3","18"
"France","2010","33.7","18"
"France","2009","32.7","18"
"France","2008","33","18"
"France","2007","32.4","18"
"France","2006","29.7","18"
"France","2005","29.8","18"
"France","2004","30.6","18"
"France","2003","31.4","18"
"France","2002","31.8","96"
"France","2001","32.5","96"
"France","2000","32.6","96"
"France","1999","32.5","96"
"France","1998","31.7","96"
"France","1997","31.9","96"
"France","1996","32","96"
"France","1990","32.1","97"
"France","1984","33.4","97"
"France","1979","34","97"
"France","1975","35.9","97"
"France","1970","37.1","97"
"Gabon","2017","38","98"
"Gabon","2005","42.2","98"
"Georgia","2022","33.5","99"
"Georgia","2021","34.2","99"
"Georgia","2020","34.5","99"
"Georgia","2019","35.9","99"
"Georgia","2018","36.4","99"
"Georgia","2017","37.9","99"
"Georgia","2016","36.6","99"
"Georgia","2015","36.5","99"
"Georgia","2014","37.6","99"
"Georgia","2013","38.6","99"
"Georgia","2012","39","99"
"Georgia","2011","39.6","99"
"Georgia","2010","39.5","99"
"Georgia","2009","38.2","99"
"Georgia","2008","38.5","99"
"Georgia","2007","38.1","99"
"Georgia","2006","36.9","99"
"Georgia","2005","37.4","99"
"Georgia","2004","36.2","99"
"Georgia","2003","36.7","99"
"Georgia","2002","37.2","99"
"Georgia","2001","39.6","99"
"Georgia","2000","40.5","99"
"Georgia","1999","40.1","99"
"Georgia","1998","41.2","99"
"Georgia","1997","40.7","99"
"Georgia","1996","37.1","100"
"Germany","2020","32.4","101"
"Germany","2019","31.8","101"
"Germany","2018","31.9","101"
"Germany","2017","31.3","101"
"Germany","2016","31.4","101"
"Germany","2015","31.7","101"
"Germany","2014","30.8","101"
"Germany","2013","31.5","101"
"Germany","2012","31.1","101"
"Germany","2011","30.6","101"
"Germany","2010","30.2","101"
"Germany","2009","30.5","101"
"Germany","2008","30.8","101"
"Germany","2007","31.2","101"
"Germany","2006","31","101"
"Germany","2005","31.7","101"
"Germany","2004","30.2","101"
"Germany","2003","29.8","101"
"Germany","2002","29.8","101"
"Germany","2001","29.9","101"
"Germany","2000","28.9","101"
"Germany","1999","29","101"
"Germany","1998","28.3","101"
"Germany","1997","28.2","101"
"Germany","1996","28","101"
"Germany","1995","28.8","101"
"Germany","1994","29.2","101"
"Germany","1993","28.6","101"
"Germany","1992","29.1","101"
"Germany","1991","29.5","101"
"Ghana","2016","43.5","102"
"Ghana","2012","42.4","103"
"Ghana","2005","42.8","104"
"Ghana","1998","40.1","105"
"Ghana","1991","38.4","106"
"Ghana","1988","36","107"
"Ghana","1987","35.3","108"
"Greece","2021","32.9","18"
"Greece","2020","33.6","18"
"Greece","2019","33.1","18"
"Greece","2018","32.9","18"
"Greece","2017","34.4","18"
"Greece","2016","35","18"
"Greece","2015","36","18"
"Greece","2014","35.8","18"
"Greece","2013","36.1","18"
"Greece","2012","36.3","18"
"Greece","2011","34.8","18"
"Greece","2010","34.1","18"
"Greece","2009","33.6","18"
"Greece","2008","33.6","18"
"Greece","2007","34","18"
"Greece","2006","35.1","18"
"Greece","2005","34.6","18"
"Greece","2004","33.6","18"
"Greece","2003","32.8","18"
"Greece","2000","34.2","19"
"Greece","1995","37","19"
"Grenada","2018","43.8","109"
"Guatemala","2014","48.3","110"
"Guatemala","2006","54.6","110"
"Guatemala","2000","54.2","110"
"Guatemala","1998","49.4","111"
"Guatemala","1989","58.8","112"
"Guatemala","1986","54.1","112"
"Guinea","2018","29.6","113"
"Guinea","2012","33.7","114"
"Guinea","2007","39.4","114"
"Guinea","2002","43","115"
"Guinea","1994","46.1","116"
"Guinea","1991","44.5","117"
"Guinea-Bissau","2021","33.4","29"
"Guinea-Bissau","2018","34.8","29"
"Guinea-Bissau","2010","50.6","118"
"Guinea-Bissau","2002","35.6","119"
"Guinea-Bissau","1993","43.6","120"
"Guinea-Bissau","1991","55.8","121"
"Guyana","1998","45","122"
"Guyana","1992","39.5","123"
"Haiti","2012","41.1","124"
"Honduras","2019","48.2","125"
"Honduras","2018","48.9","125"
"Honduras","2017","49.4","125"
"Honduras","2016","49.8","125"
"Honduras","2015","49.2","125"
"Honduras","2014","49.9","125"
"Honduras","2013","50","125"
"Honduras","2012","53.4","125"
"Honduras","2011","52.6","125"
"Honduras","2010","53.1","125"
"Honduras","2009","51.3","125"
"Honduras","2008","55.5","125"
"Honduras","2007","55.8","125"
"Honduras","2006","57.5","125"
"Honduras","2005","59.5","125"
"Honduras","2004","58.1","125"
"Honduras","2003","58.1","125"
"Honduras","2002","55.7","125"
"Honduras","2001","55.4","125"
"Honduras","1999","55.2","125"
"Honduras","1998","57.3","125"
"Honduras","1997","52.7","125"
"Honduras","1996","55.7","125"
"Honduras","1995","55.5","125"
"Honduras","1994","55","125"
"Honduras","1993","53.4","125"
"Honduras","1992","51.8","125"
"Honduras","1991","51.8","125"
"Honduras","1990","55.9","126"
"Honduras","1989","55.4","126"
"Hungary","2021","29.2","18"
"Hungary","2020","29.7","18"
"Hungary","2019","30","18"
"Hungary","2018","29.6","18"
"Hungary","2017","30.6","18"
"Hungary","2016","30.3","18"
"Hungary","2015","30.4","18"
"Hungary","2014","30.9","18"
"Hungary","2013","31.5","18"
"Hungary","2012","30.8","18"
"Hungary","2011","29.2","18"
"Hungary","2010","29.4","18"
"Hungary","2009","27","18"
"Hungary","2008","27.5","18"
"Hungary","2007","27.9","18"
"Hungary","2006","28.3","18"
"Hungary","2005","34.7","18"
"Hungary","2004","29.9","18"
"Iceland","2017","26.1","18"
"Iceland","2016","27.2","18"
"Iceland","2015","26.8","18"
"Iceland","2014","27.8","18"
"Iceland","2013","25.4","18"
"Iceland","2012","26.8","18"
"Iceland","2011","26.8","18"
"Iceland","2010","26.2","18"
"Iceland","2009","28.7","18"
"Iceland","2008","31.8","18"
"Iceland","2007","29.5","18"
"Iceland","2006","30.2","18"
"Iceland","2005","29","18"
"Iceland","2004","28","18"
"Iceland","2003","26.8","18"
"India","2021","32.8","127"
"India","2020","33.8","127"
"India","2019","33.8","127"
"India","2018","34.5","127"
"India","2017","35.9","127"
"India","2016","34.7","127"
"India","2015","34.7","127"
"India","2011","35.4","128"
"India","2009","34.9","128"
"India","2004","34","128"
"India","1993","31.6","128"
"India","1987","32.5","129"
"India","1983","32","130"
"India","1977","33.2","130"
"Indonesia","2023","36.1","131"
"Indonesia","2022","35.5","131"
"Indonesia","2021","35.5","131"
"Indonesia","2020","35.3","131"
"Indonesia","2019","35.4","131"
"Indonesia","2018","36.3","131"
"Indonesia","2017","36.4","131"
"Indonesia","2016","36.9","131"
"Indonesia","2015","38.2","131"
"Indonesia","2014","38.8","131"
"Indonesia","2013","38.9","131"
"Indonesia","2012","37.1","131"
"Indonesia","2011","37.9","131"
"Indonesia","2010","34.6","131"
"Indonesia","2009","33.4","131"
"Indonesia","2008","32.6","131"
"Indonesia","2007","33.2","131"
"Indonesia","2006","31.5","131"
"Indonesia","2005","29.9","131"
"Indonesia","2004","30.4","131"
"Indonesia","2003","29.3","131"
"Indonesia","2002","30.2","131"
"Indonesia","2001","31.2","131"
"Indonesia","2000","30.3","131"
"Indonesia","1999","30.8","131"
"Indonesia","1998","30.9","131"
"Indonesia","1996","34.2","131"
"Indonesia","1993","31.8","131"
"Indonesia","1990","31.1","132"
"Indonesia","1987","30.4","132"
"Indonesia","1984","32.3","132"
"Iran","2022","34.8","133"
"Iran","2021","35.5","133"
"Iran","2020","35.8","133"
"Iran","2019","36.5","133"
"Iran","2018","37.4","133"
"Iran","2017","36.7","133"
"Iran","2016","35.9","133"
"Iran","2015","35.3","133"
"Iran","2014","34.8","133"
"Iran","2013","34","133"
"Iran","2012","34.4","133"
"Iran","2011","34.7","133"
"Iran","2009","42.1","133"
"Iran","2006","44.8","133"
"Iran","2005","43.6","133"
"Iran","1998","44.1","134"
"Iran","1994","43","134"
"Iran","1990","43.6","134"
"Iran","1986","47.4","134"
"Iraq","2012","29.5","135"
"Iraq","2006","28.6","135"
"Ireland","2021","30.1","18"
"Ireland","2020","29.2","18"
"Ireland","2019","30.8","18"
"Ireland","2018","30.6","18"
"Ireland","2017","31.4","18"
"Ireland","2016","32.8","18"
"Ireland","2015","31.8","18"
"Ireland","2014","31.9","18"
"Ireland","2013","33.5","18"
"Ireland","2012","33.2","18"
"Ireland","2011","32.9","18"
"Ireland","2010","32.3","18"
"Ireland","2009","32.7","18"
"Ireland","2008","30.9","18"
"Ireland","2007","31.9","18"
"Ireland","2006","32.7","18"
"Ireland","2005","33.8","18"
"Ireland","2004","33.6","18"
"Ireland","2003","32.9","18"
"Ireland","2002","32.3","136"
"Ireland","2000","33","137"
"Ireland","1996","35.6","137"
"Ireland","1995","37","137"
"Ireland","1994","36.9","137"
"Ireland","1987","35.5","138"
"Israel","2021","37.9","139"
"Israel","2020","37.8","139"
"Israel","2019","38.3","139"
"Israel","2018","38.6","139"
"Israel","2017","38.2","139"
"Israel","2016","39","139"
"Israel","2015","39.7","139"
"Israel","2014","39.8","139"
"Israel","2013","39.9","139"
"Israel","2012","41.3","139"
"Israel","2011","41.4","139"
"Israel","2010","42.6","139"
"Israel","2009","42.6","139"
"Israel","2008","41.6","139"
"Israel","2007","41.1","139"
"Israel","2006","41.6","139"
"Israel","2005","42.3","139"
"Israel","2004","41.5","139"
"Israel","2003","40.7","139"
"Israel","2002","39.6","139"
"Israel","2001","38.9","139"
"Israel","1997","38.1","139"
"Israel","1992","35.5","139"
"Israel","1986","36.5","139"
"Israel","1979","36.3","139"
"Italy","2021","34.8","18"
"Italy","2020","35.2","18"
"Italy","2019","34.6","18"
"Italy","2018","35.2","18"
"Italy","2017","35.9","18"
"Italy","2016","35.2","18"
"Italy","2015","35.4","18"
"Italy","2014","34.7","18"
"Italy","2013","34.9","18"
"Italy","2012","35.2","18"
"Italy","2011","35.1","18"
"Italy","2010","34.7","18"
"Italy","2009","33.8","18"
"Italy","2008","33.8","18"
"Italy","2007","32.9","18"
"Italy","2006","33.7","18"
"Italy","2005","33.8","18"
"Italy","2004","34.3","18"
"Italy","2003","34.9","18"
"Italy","2002","34.7","140"
"Italy","2000","35.2","140"
"Italy","1998","36.7","140"
"Italy","1995","35.2","140"
"Italy","1993","35.1","140"
"Italy","1991","31","140"
"Italy","1989","32.1","140"
"Italy","1987","34.2","140"
"Italy","1986","31.2","140"
"Italy","1984","31.3","140"
"Italy","1983","29.8","140"
"Italy","1982","29.2","140"
"Italy","1981","31.6","140"
"Italy","1980","32.9","140"
"Italy","1979","33.3","140"
"Italy","1978","33.3","140"
"Italy","1977","34","140"
"Jamaica","2021","40.2","141"
"Jamaica","2018","35.6","141"
"Jamaica","2004","45.5","20"
"Jamaica","2002","48.3","20"
"Jamaica","1999","44.1","20"
"Jamaica","1996","40.4","20"
"Jamaica","1993","35.7","142"
"Jamaica","1990","41.1","20"
"Jamaica","1988","43.2","142"
"Japan","2013","32.9","143"
"Japan","2010","32.1","143"
"Japan","2008","34.8","143"
"Jordan","2010","33.7","133"
"Jordan","2008","32.6","133"
"Jordan","2006","33.9","133"
"Jordan","2002","37","133"
"Jordan","1997","36.4","144"
"Jordan","1992","43.1","144"
"Jordan","1986","36.1","144"
"Kazakhstan","2021","29.2","1"
"Kazakhstan","2020","28.7","1"
"Kazakhstan","2019","28","1"
"Kazakhstan","2018","27.8","1"
"Kazakhstan","2017","27.5","1"
"Kazakhstan","2016","27.2","1"
"Kazakhstan","2015","26.8","1"
"Kazakhstan","2014","27","1"
"Kazakhstan","2013","27.1","1"
"Kazakhstan","2012","28.2","1"
"Kazakhstan","2011","28","1"
"Kazakhstan","2010","28","1"
"Kazakhstan","2009","28.2","1"
"Kazakhstan","2008","28.5","1"
"Kazakhstan","2007","30.1","1"
"Kazakhstan","2006","30.2","1"
"Kazakhstan","2005","39.8","1"
"Kazakhstan","2004","31.8","1"
"Kazakhstan","2003","33.7","1"
"Kazakhstan","2002","34.8","1"
"Kazakhstan","2001","36","1"
"Kazakhstan","1996","35.4","2"
"Kenya","2021","38.7","145"
"Kenya","2020","36.2","145"
"Kenya","2015","40.8","146"
"Kenya","2005","46.4","146"
"Kenya","1997","45","147"
"Kenya","1994","43.1","148"
"Kenya","1992","56.9","149"
"Kiribati","2019","27.8","150"
"Kiribati","2006","37","150"
"Korea","2021","32.9","151"
"Korea","2020","32.7","151"
"Korea","2019","33.2","151"
"Korea","2018","33.7","151"
"Korea","2017","34.9","151"
"Korea","2016","35.2","151"
"Korea","2014","31.2","152"
"Korea","2012","31.6","152"
"Korea","2010","32","152"
"Korea","2008","32.3","152"
"Korea","2006","31.7","152"
"Kosovo","2017","29","1"
"Kosovo","2016","26.7","1"
"Kosovo","2015","26.5","1"
"Kosovo","2014","27.3","1"
"Kosovo","2013","26.3","1"
"Kosovo","2012","29","1"
"Kosovo","2011","27.8","1"
"Kosovo","2010","33.3","1"
"Kosovo","2009","31.8","1"
"Kosovo","2006","30.3","1"
"Kosovo","2005","31.2","1"
"Kosovo","2003","29","1"
"Kyrgyz Republic","2022","26.4","153"
"Kyrgyz Republic","2021","28.8","153"
"Kyrgyz Republic","2020","29","153"
"Kyrgyz Republic","2019","29.7","153"
"Kyrgyz Republic","2018","27.7","153"
"Kyrgyz Republic","2017","27.3","153"
"Kyrgyz Republic","2016","26.8","153"
"Kyrgyz Republic","2015","29","153"
"Kyrgyz Republic","2014","26.8","153"
"Kyrgyz Republic","2013","28.8","153"
"Kyrgyz Republic","2012","27.4","153"
"Kyrgyz Republic","2011","27.8","153"
"Kyrgyz Republic","2010","30.1","153"
"Kyrgyz Republic","2009","29.9","153"
"Kyrgyz Republic","2008","31.5","153"
"Kyrgyz Republic","2007","33.9","153"
"Kyrgyz Republic","2006","37.4","153"
"Kyrgyz Republic","2005","32.6","153"
"Kyrgyz Republic","2004","34.8","153"
"Kyrgyz Republic","2003","28.7","1"
"Kyrgyz Republic","2002","30.3","1"
"Kyrgyz Republic","2001","30.2","1"
"Kyrgyz Republic","2000","31","1"
"Lao PDR","2018","38.8","154"
"Lao PDR","2012","36","154"
"Lao PDR","2007","35.4","154"
"Lao PDR","2002","32.6","154"
"Lao PDR","1997","34.9","154"
"Lao PDR","1992","34.3","154"
"Latvia","2021","34.3","18"
"Latvia","2020","35.7","18"
"Latvia","2019","34.5","18"
"Latvia","2018","35.1","18"
"Latvia","2017","35.6","18"
"Latvia","2016","34.3","18"
"Latvia","2015","34.2","18"
"Latvia","2014","35.1","18"
"Latvia","2013","35.5","18"
"Latvia","2012","35.2","18"
"Latvia","2011","35.8","18"
"Latvia","2010","35","18"
"Latvia","2009","35.9","18"
"Latvia","2008","37.2","18"
"Latvia","2007","37.5","18"
"Latvia","2006","35.6","18"
"Latvia","2005","39","18"
"Latvia","2004","36.4","18"
"Lebanon","2011","31.8","1"
"Lesotho","2017","44.9","155"
"Lesotho","2002","51.2","1"
"Lesotho","1994","63","156"
"Lesotho","1986","56","157"
"Liberia","2016","35.3","21"
"Liberia","2014","33.2","21"
"Liberia","2007","36.4","158"
"Lithuania","2021","36.7","18"
"Lithuania","2020","36","18"
"Lithuania","2019","35.3","18"
"Lithuania","2018","35.7","18"
"Lithuania","2017","37.3","18"
"Lithuania","2016","38.4","18"
"Lithuania","2015","37.4","18"
"Lithuania","2014","37.7","18"
"Lithuania","2013","35.3","18"
"Lithuania","2012","35.1","18"
"Lithuania","2011","32.5","18"
"Lithuania","2010","33.6","18"
"Lithuania","2009","37.2","18"
"Lithuania","2008","35.7","18"
"Lithuania","2007","34.8","18"
"Lithuania","2006","34.4","18"
"Lithuania","2005","35.3","18"
"Lithuania","2004","37","18"
"Luxembourg","2021","32.7","18"
"Luxembourg","2020","33.4","18"
"Luxembourg","2019","34.2","18"
"Luxembourg","2018","35.4","18"
"Luxembourg","2017","34.5","18"
"Luxembourg","2016","31.7","18"
"Luxembourg","2015","32.9","18"
"Luxembourg","2014","31.2","18"
"Luxembourg","2013","32","18"
"Luxembourg","2012","34.3","18"
"Luxembourg","2011","32.1","18"
"Luxembourg","2010","30.5","18"
"Luxembourg","2009","31.2","18"
"Luxembourg","2008","32.6","18"
"Luxembourg","2007","31.1","18"
"Luxembourg","2006","30.9","18"
"Luxembourg","2005","30.8","18"
"Luxembourg","2004","30.2","18"
"Luxembourg","2003","30.2","18"
"Luxembourg","2002","31","159"
"Luxembourg","2001","30.9","160"
"Luxembourg","2000","30.1","160"
"Luxembourg","1999","30","160"
"Luxembourg","1998","30.6","160"
"Luxembourg","1997","29.6","160"
"Luxembourg","1996","29","160"
"Luxembourg","1995","28.3","160"
"Luxembourg","1994","28.1","160"
"Luxembourg","1993","27","161"
"Luxembourg","1992","27.3","161"
"Luxembourg","1991","27.2","161"
"Luxembourg","1990","27.7","161"
"Luxembourg","1989","30.8","161"
"Luxembourg","1988","28.8","161"
"Luxembourg","1987","29.5","161"
"Luxembourg","1986","28.1","161"
"Luxembourg","1985","26.3","161"
"Madagascar","2012","42.6","162"
"Madagascar","2010","42.4","163"
"Madagascar","2005","39.9","163"
"Madagascar","2001","47.4","163"
"Madagascar","1999","38.6","163"
"Madagascar","1997","39.4","163"
"Madagascar","1993","45.2","163"
"Madagascar","1980","46.8","164"
"Malawi","2019","38.5","165"
"Malawi","2016","44.7","166"
"Malawi","2010","45.5","167"
"Malawi","2004","39.9","168"
"Malawi","1997","65.8","169"
"Malaysia","2021","40.7","170"
"Malaysia","2018","41.2","171"
"Malaysia","2015","41.1","170"
"Malaysia","2013","41.3","170"
"Malaysia","2011","43.9","170"
"Malaysia","2008","45.5","170"
"Malaysia","2006","44.8","170"
"Malaysia","2003","46.4","170"
"Malaysia","1997","49.1","172"
"Malaysia","1995","48.5","172"
"Malaysia","1992","47.7","172"
"Malaysia","1989","46.2","172"
"Malaysia","1987","47","172"
"Malaysia","1984","48.5","172"
"Maldives","2019","29.3","21"
"Maldives","2016","31.3","21"
"Maldives","2009","38.4","21"
"Maldives","2002","41.3","21"
"Mali","2021","35.7","29"
"Mali","2018","36","29"
"Mali","2009","33","173"
"Mali","2006","38.9","173"
"Mali","2001","39.9","174"
"Mali","1994","50.2","175"
"Malta","2020","31.4","18"
"Malta","2019","31","18"
"Malta","2018","28.7","18"
"Malta","2017","29.2","18"
"Malta","2016","29.1","18"
"Malta","2015","29.4","18"
"Malta","2014","29","18"
"Malta","2013","28.8","18"
"Malta","2012","29.4","18"
"Malta","2011","29.1","18"
"Malta","2010","29","18"
"Malta","2009","30.2","18"
"Malta","2008","29","18"
"Malta","2007","29.2","18"
"Malta","2006","28","18"
"Marshall Islands","2019","35.5","21"
"Mauritania","2019","32","176"
"Mauritania","2014","32.6","176"
"Mauritania","2008","35.7","176"
"Mauritania","2004","40.2","176"
"Mauritania","2000","39","176"
"Mauritania","1995","37.7","176"
"Mauritania","1993","49.5","177"
"Mauritania","1987","43.9","178"
"Mauritius","2017","36.8","1"
"Mauritius","2012","38.5","1"
"Mauritius","2006","35.7","1"
"Mexico","2022","43.5","179"
"Mexico","2020","44.6","179"
"Mexico","2018","46","179"
"Mexico","2016","46.9","179"
"Mexico","2014","48.9","180"
"Mexico","2012","49.6","180"
"Mexico","2010","47.7","180"
"Mexico","2008","50.8","180"
"Mexico","2006","49.7","180"
"Mexico","2005","50.9","180"
"Mexico","2004","50.3","180"
"Mexico","2002","50.6","180"
"Mexico","2000","53.4","180"
"Mexico","1998","53.3","180"
"Mexico","1996","52","180"
"Mexico","1994","53.4","180"
"Mexico","1992","52.3","180"
"Mexico","1989","50.1","180"
"Micronesia","2013","40.1","21"
"Micronesia","2005","42.4","21"
"Moldova","2021","25.7","1"
"Moldova","2019","26","1"
"Moldova","2018","25.7","1"
"Moldova","2017","25.9","1"
"Moldova","2016","26.3","1"
"Moldova","2015","27","1"
"Moldova","2014","26.8","1"
"Moldova","2013","28.5","1"
"Moldova","2012","29.2","1"
"Moldova","2011","30.6","1"
"Moldova","2010","32.1","1"
"Moldova","2009","32.9","1"
"Moldova","2008","34.7","1"
"Moldova","2007","34.4","1"
"Moldova","2006","35.4","1"
"Moldova","2005","36.3","1"
"Moldova","2004","35","1"
"Moldova","2003","34.9","1"
"Moldova","2002","35.8","1"
"Moldova","2001","38","1"
"Moldova","2000","36.4","1"
"Moldova","1999","42.6","1"
"Moldova","1998","39.5","1"
"Moldova","1997","36.9","1"
"Mongolia","2022","31.4","181"
"Mongolia","2018","32.7","181"
"Mongolia","2016","32.3","181"
"Mongolia","2014","32","181"
"Mongolia","2012","33.8","181"
"Mongolia","2011","33.9","181"
"Mongolia","2010","33.1","181"
"Mongolia","2007","35.8","181"
"Mongolia","2002","32.9","182"
"Mongolia","1998","30.3","183"
"Mongolia","1995","33.2","183"
"Montenegro","2021","34.3","184"
"Montenegro","2020","35.4","184"
"Montenegro","2019","35.7","184"
"Montenegro","2018","36.8","184"
"Montenegro","2017","36.9","184"
"Montenegro","2016","38.5","184"
"Montenegro","2015","39","184"
"Montenegro","2014","38.8","184"
"Montenegro","2013","39","184"
"Montenegro","2012","41.2","184"
"Morocco","2013","39.5","185"
"Morocco","2006","40.7","186"
"Morocco","2000","40.6","185"
"Morocco","1998","39.4","186"
"Morocco","1990","39.2","186"
"Morocco","1984","36.5","187"
"Mozambique","2019","50.3","188"
"Mozambique","2014","54","188"
"Mozambique","2008","45.5","188"
"Mozambique","2002","47","189"
"Mozambique","1996","53.3","190"
"Myanmar","2017","30.7","191"
"Myanmar","2015","38.1","192"
"Namibia","2015","59.1","193"
"Namibia","2009","61","193"
"Namibia","2003","63.3","193"
"Nauru","2012","32.4","21"
"Nepal","2022","30","194"
"Nepal","2010","32.8","195"
"Nepal","2003","43.8","196"
"Nepal","1995","35.2","197"
"Netherlands","2021","25.7","18"
"Netherlands","2020","26","18"
"Netherlands","2019","29.2","18"
"Netherlands","2018","28.1","18"
"Netherlands","2017","28.5","18"
"Netherlands","2016","28.2","18"
"Netherlands","2015","28.2","18"
"Netherlands","2014","28.6","18"
"Netherlands","2013","28.1","18"
"Netherlands","2012","27.6","18"
"Netherlands","2011","27.8","18"
"Netherlands","2010","27.8","18"
"Netherlands","2009","27.9","18"
"Netherlands","2008","29.3","18"
"Netherlands","2007","29.6","18"
"Netherlands","2006","30","18"
"Netherlands","2005","29","18"
"Netherlands","2004","29.8","18"
"Netherlands","1999","28.1","26"
"Netherlands","1993","30.4","26"
"Netherlands","1990","31.1","198"
"Netherlands","1987","26.8","198"
"Netherlands","1983","28.4","198"
"Nicaragua","2014","46.2","199"
"Nicaragua","2009","43.9","199"
"Nicaragua","2005","48.8","199"
"Nicaragua","2001","52.9","199"
"Nicaragua","1998","54.4","199"
"Nicaragua","1993","57.1","199"
"Niger","2021","32.9","29"
"Niger","2018","37.3","29"
"Niger","2014","34.3","200"
"Niger","2011","31.5","200"
"Niger","2007","37.3","201"
"Niger","2005","44.4","202"
"Niger","1994","41.4","203"
"Niger","1992","36","204"
"Nigeria","2018","35.1","205"
"Nigeria","2015","35.9","206"
"Nigeria","2012","35.5","207"
"Nigeria","2010","35.7","208"
"Nigeria","2003","40.1","205"
"Nigeria","1996","51.9","209"
"Nigeria","1992","44.9","209"
"Nigeria","1985","38.7","210"
"North Macedonia","2019","33.5","184"
"North Macedonia","2018","33","184"
"North Macedonia","2017","34.2","184"
"North Macedonia","2016","34.5","184"
"North Macedonia","2015","35.6","184"
"North Macedonia","2014","35.2","184"
"North Macedonia","2013","36.2","184"
"North Macedonia","2012","38.1","184"
"North Macedonia","2011","39.4","184"
"North Macedonia","2010","40.1","184"
"North Macedonia","2009","42.8","184"
"Norway","2019","27.7","18"
"Norway","2018","27.6","18"
"Norway","2017","27","18"
"Norway","2016","28.5","18"
"Norway","2015","27.5","18"
"Norway","2014","26.8","18"
"Norway","2013","26.4","18"
"Norway","2012","25.7","18"
"Norway","2011","25.3","18"
"Norway","2010","25.7","18"
"Norway","2009","26.2","18"
"Norway","2008","27","18"
"Norway","2007","27.1","18"
"Norway","2006","26.4","18"
"Norway","2005","30.6","18"
"Norway","2004","31.6","18"
"Norway","2003","27.6","18"
"Norway","2000","27.4","16"
"Norway","1995","26","16"
"Norway","1991","25.2","16"
"Norway","1986","24.6","16"
"Norway","1979","26.9","16"
"Pakistan","2018","29.6","21"
"Pakistan","2015","31.3","21"
"Pakistan","2013","29.5","21"
"Pakistan","2011","29.7","21"
"Pakistan","2010","28.8","21"
"Pakistan","2007","29.7","21"
"Pakistan","2005","31.3","21"
"Pakistan","2004","30.9","21"
"Pakistan","2001","28.7","211"
"Pakistan","1998","33.1","21"
"Pakistan","1996","28.7","212"
"Pakistan","1990","33.2","21"
"Pakistan","1987","33.3","21"
"Panama","2023","48.9","33"
"Panama","2021","50.9","33"
"Panama","2019","49.8","33"
"Panama","2018","49.2","33"
"Panama","2017","49.9","33"
"Panama","2016","50.4","33"
"Panama","2015","50.8","33"
"Panama","2014","50.5","33"
"Panama","2013","51.5","33"
"Panama","2012","51.7","33"
"Panama","2011","51.3","33"
"Panama","2010","51.6","33"
"Panama","2009","51.8","33"
"Panama","2008","52.7","33"
"Panama","2007","52.7","33"
"Panama","2006","54.6","33"
"Panama","2005","53.8","33"
"Panama","2004","54.8","33"
"Panama","2003","55.7","33"
"Panama","2002","56.1","33"
"Panama","2001","56.7","33"
"Panama","2000","56.6","33"
"Panama","1999","56.4","33"
"Panama","1998","57.4","33"
"Panama","1997","58.1","33"
"Panama","1995","57.7","33"
"Panama","1991","58","213"
"Panama","1989","58.6","213"
"Panama","1979","48.7","214"
"Papua New Guinea","2009","41.9","21"
"Papua New Guinea","1996","45.8","21"
"Paraguay","2022","45.1","215"
"Paraguay","2021","42.9","215"
"Paraguay","2020","43.5","215"
"Paraguay","2019","45.7","215"
"Paraguay","2018","46","215"
"Paraguay","2017","48.5","215"
"Paraguay","2016","47.9","215"
"Paraguay","2015","47.6","215"
"Paraguay","2014","50.7","215"
"Paraguay","2013","47.9","215"
"Paraguay","2012","47.6","215"
"Paraguay","2011","52.3","215"
"Paraguay","2010","51","215"
"Paraguay","2009","49.1","215"
"Paraguay","2008","50.7","215"
"Paraguay","2007","53","215"
"Paraguay","2006","53","215"
"Paraguay","2005","51.4","215"
"Paraguay","2004","52.3","215"
"Paraguay","2003","54.9","215"
"Paraguay","2002","57.3","215"
"Paraguay","2001","54.6","216"
"Paraguay","1999","54.6","215"
"Paraguay","1997","54.9","216"
"Paraguay","1995","58.1","33"
"Paraguay","1990","40.8","33"
"Peru","2022","40.3","75"
"Peru","2021","40.1","75"
"Peru","2020","43.7","75"
"Peru","2019","41.5","75"
"Peru","2018","42.4","75"
"Peru","2017","43.3","75"
"Peru","2016","43.6","75"
"Peru","2015","43.4","75"
"Peru","2014","43.1","75"
"Peru","2013","43.9","75"
"Peru","2012","44.4","75"
"Peru","2011","44.7","75"
"Peru","2010","45.5","75"
"Peru","2009","47","75"
"Peru","2008","47.5","75"
"Peru","2007","50","75"
"Peru","2006","50.3","75"
"Peru","2005","50.4","75"
"Peru","2004","49.9","75"
"Peru","2003","53.1","75"
"Peru","2002","53.6","75"
"Peru","2001","51.3","75"
"Peru","2000","49.1","75"
"Peru","1999","54.8","75"
"Peru","1998","55.1","75"
"Peru","1997","53.3","75"
"Philippines","2021","40.7","217"
"Philippines","2018","42.3","217"
"Philippines","2015","44.6","217"
"Philippines","2012","46.5","217"
"Philippines","2009","46.3","217"
"Philippines","2006","47.2","217"
"Philippines","2003","46.6","217"
"Philippines","2000","47.7","217"
"Poland","2021","28.5","18"
"Poland","2020","28.5","18"
"Poland","2019","28.8","18"
"Poland","2018","30.2","18"
"Poland","2017","29.7","18"
"Poland","2016","31.2","18"
"Poland","2015","31.8","18"
"Poland","2014","32.8","18"
"Poland","2013","33.1","18"
"Poland","2012","33","18"
"Poland","2011","33.2","18"
"Poland","2010","33.2","18"
"Poland","2009","33.4","18"
"Poland","2008","33.5","18"
"Poland","2007","34","18"
"Poland","2006","34.7","18"
"Poland","2005","35.8","18"
"Poland","2004","38","18"
"Portugal","2021","34.6","18"
"Portugal","2020","34.7","18"
"Portugal","2019","32.8","18"
"Portugal","2018","33.5","18"
"Portugal","2017","33.8","18"
"Portugal","2016","35.2","18"
"Portugal","2015","35.5","18"
"Portugal","2014","35.6","18"
"Portugal","2013","36.2","18"
"Portugal","2012","36","18"
"Portugal","2011","36.3","18"
"Portugal","2010","35.8","18"
"Portugal","2009","34.9","18"
"Portugal","2008","36.6","18"
"Portugal","2007","36.8","18"
"Portugal","2006","38.1","18"
"Portugal","2005","38.5","18"
"Portugal","2004","38.9","18"
"Portugal","2003","38.8","18"
"Qatar","2017","35.1","218"
"Romania","2021","33.9","18"
"Romania","2020","34.6","18"
"Romania","2019","34.8","18"
"Romania","2018","35.8","18"
"Romania","2017","36","18"
"Romania","2016","34.4","18"
"Romania","2015","35.9","18"
"Romania","2014","36","18"
"Romania","2013","36.9","18"
"Romania","2012","36.5","18"
"Romania","2011","35.9","18"
"Romania","2010","35.5","18"
"Romania","2009","35.6","18"
"Romania","2008","36.4","18"
"Romania","2007","37.5","18"
"Romania","2006","39.6","18"
"Russia","2021","35.1","219"
"Russia","2020","33.7","219"
"Russia","2019","35.7","219"
"Russia","2018","35.3","219"
"Russia","2017","35.5","219"
"Russia","2016","36.7","219"
"Russia","2015","36.5","219"
"Russia","2014","36.9","219"
"Rwanda","2016","43.7","220"
"Rwanda","2013","45.1","221"
"Rwanda","2010","47.2","222"
"Rwanda","2005","52","223"
"Rwanda","2000","48.5","224"
"SÃ£o TomÃ© and Principe","2017","40.7","225"
"SÃ£o TomÃ© and Principe","2010","30.8","225"
"SÃ£o TomÃ© and Principe","2000","32.1","225"
"Samoa","2013","38.7","21"
"Samoa","2008","42","21"
"Samoa","2002","40.7","21"
"Senegal","2021","36.2","29"
"Senegal","2018","38.3","29"
"Senegal","2011","40.3","226"
"Senegal","2005","39.2","227"
"Senegal","2001","41.2","228"
"Senegal","1994","39.2","229"
"Senegal","1991","54","177"
"Serbia","2021","33.1","18"
"Serbia","2020","35","18"
"Serbia","2019","34.5","18"
"Serbia","2018","35","18"
"Serbia","2017","36.1","18"
"Serbia","2016","38.8","18"
"Serbia","2015","40.5","18"
"Serbia","2014","40.4","18"
"Serbia","2013","39.4","18"
"Serbia","2012","39.9","18"
"Seychelles","2018","32.1","230"
"Seychelles","2013","46.8","230"
"Sierra Leone","2018","35.7","231"
"Sierra Leone","2011","34","231"
"Sierra Leone","2003","40.2","231"
"Slovak Republic","2021","24.1","18"
"Slovak Republic","2020","24.2","18"
"Slovak Republic","2019","23.2","18"
"Slovak Republic","2018","25","18"
"Slovak Republic","2017","23.2","18"
"Slovak Republic","2016","25.2","18"
"Slovak Republic","2015","26.5","18"
"Slovak Republic","2014","26.1","18"
"Slovak Republic","2013","28.1","18"
"Slovak Republic","2012","26.1","18"
"Slovak Republic","2011","26.5","18"
"Slovak Republic","2010","27.3","18"
"Slovak Republic","2009","27.2","18"
"Slovak Republic","2008","26","18"
"Slovak Republic","2007","24.7","18"
"Slovak Republic","2006","25.8","18"
"Slovak Republic","2005","29.3","18"
"Slovak Republic","2004","27.1","18"
"Slovenia","2021","24.3","18"
"Slovenia","2020","24","18"
"Slovenia","2019","24.4","18"
"Slovenia","2018","24.6","18"
"Slovenia","2017","24.2","18"
"Slovenia","2016","24.8","18"
"Slovenia","2015","25.4","18"
"Slovenia","2014","25.7","18"
"Slovenia","2013","26.2","18"
"Slovenia","2012","25.6","18"
"Slovenia","2011","24.9","18"
"Slovenia","2010","24.9","18"
"Slovenia","2009","24.8","18"
"Slovenia","2008","23.7","18"
"Slovenia","2007","24.4","18"
"Slovenia","2006","24.4","18"
"Slovenia","2005","24.6","18"
"Slovenia","2004","24.8","18"
"Solomon Islands","2012","37.1","21"
"Solomon Islands","2005","46.1","21"
"South Africa","2014","63","232"
"South Africa","2010","63.4","233"
"South Africa","2008","63","232"
"South Africa","2005","64.8","233"
"South Africa","2000","57.8","40"
"South Africa","1993","59.3","234"
"South Sudan","2016","44.1","235"
"South Sudan","2009","46.3","236"
"Spain","2021","33.9","18"
"Spain","2020","34.9","18"
"Spain","2019","34.3","18"
"Spain","2018","34.7","18"
"Spain","2017","34.7","18"
"Spain","2016","35.8","18"
"Spain","2015","36.2","18"
"Spain","2014","36.1","18"
"Spain","2013","36.2","18"
"Spain","2012","35.4","18"
"Spain","2011","35.7","18"
"Spain","2010","35.2","18"
"Spain","2009","34.9","18"
"Spain","2008","34.2","18"
"Spain","2007","34.1","18"
"Spain","2006","33.5","18"
"Spain","2005","32.4","18"
"Spain","2004","33.3","18"
"Spain","2003","31.8","18"
"Spain","2000","34.1","19"
"Spain","1999","33.8","19"
"Spain","1998","34.6","19"
"Spain","1997","35.3","19"
"Spain","1996","36.5","19"
"Spain","1995","35.7","19"
"Spain","1994","35.1","19"
"Spain","1993","35.7","19"
"Spain","1990","32","237"
"Spain","1985","34.4","237"
"Spain","1980","34.5","237"
"Sri Lanka","2019","37.7","21"
"Sri Lanka","2016","39.3","21"
"Sri Lanka","2012","38.7","21"
"Sri Lanka","2009","36.1","21"
"Sri Lanka","2006","39.7","21"
"Sri Lanka","2002","40.2","21"
"Sri Lanka","1995","35.4","238"
"Sri Lanka","1990","32.4","21"
"Sri Lanka","1985","32.5","239"
"St. Lucia","2015","43.7","240"
"Sudan","2014","34.2","236"
"Sudan","2009","35.4","236"
"Suriname","2022","39.2","241"
"Sweden","2021","29.8","18"
"Sweden","2020","28.9","18"
"Sweden","2019","29.3","18"
"Sweden","2018","30","18"
"Sweden","2017","28.8","18"
"Sweden","2016","29.6","18"
"Sweden","2015","29.2","18"
"Sweden","2014","28.4","18"
"Sweden","2013","28.8","18"
"Sweden","2012","27.6","18"
"Sweden","2011","27.6","18"
"Sweden","2010","27.7","18"
"Sweden","2009","27.3","18"
"Sweden","2008","28.1","18"
"Sweden","2007","27.1","18"
"Sweden","2006","26.4","18"
"Sweden","2005","26.8","18"
"Sweden","2004","26.1","18"
"Sweden","2003","25.3","18"
"Sweden","2002","26.2","242"
"Sweden","2001","26.5","242"
"Sweden","2000","27","242"
"Sweden","1995","25.2","242"
"Sweden","1992","24.9","242"
"Sweden","1987","23.1","242"
"Sweden","1981","22.9","242"
"Sweden","1975","24.3","242"
"Switzerland","2020","33.7","18"
"Switzerland","2019","34","18"
"Switzerland","2018","33.1","18"
"Switzerland","2017","32.7","18"
"Switzerland","2016","33","18"
"Switzerland","2015","32.3","18"
"Switzerland","2014","32.5","18"
"Switzerland","2013","32.5","18"
"Switzerland","2012","31.6","18"
"Switzerland","2011","31.7","18"
"Switzerland","2010","32.6","18"
"Switzerland","2009","32.9","18"
"Switzerland","2008","33.8","18"
"Switzerland","2007","34.3","18"
"Switzerland","2006","33.9","18"
"Switzerland","2004","31.6","243"
"Switzerland","2002","31.7","243"
"Switzerland","2000","33.4","243"
"Switzerland","1992","33.9","244"
"Switzerland","1982","36","245"
"Syrian Arab Republic","2022","26.6","246"
"Syrian Arab Republic","2009","40.4","247"
"Syrian Arab Republic","2006","40.1","247"
"Syrian Arab Republic","2003","37.5","150"
"Syrian Arab Republic","1996","35.2","150"
"TÃ¼rkiye","2021","44.4","184"
"TÃ¼rkiye","2020","43","184"
"TÃ¼rkiye","2019","43.8","184"
"TÃ¼rkiye","2018","42.4","184"
"TÃ¼rkiye","2017","43.5","184"
"Tajikistan","2015","34","248"
"Tajikistan","2009","30.8","249"
"Tajikistan","2007","32.2","249"
"Tajikistan","2004","33.6","1"
"Tajikistan","2003","32.7","249"
"Tajikistan","1999","29.5","249"
"Tanzania","2018","40.5","1"
"Tanzania","2011","37.8","1"
"Tanzania","2007","40.3","1"
"Tanzania","2000","37.3","1"
"Tanzania","1991","35.3","1"
"Thailand","2021","34.9","238"
"Thailand","2020","35","238"
"Thailand","2019","34.9","238"
"Thailand","2018","36.4","238"
"Thailand","2017","36.4","238"
"Thailand","2016","36.9","238"
"Thailand","2015","36","238"
"Thailand","2014","37","238"
"Thailand","2013","37.8","238"
"Thailand","2012","39.3","238"
"Thailand","2011","37.5","238"
"Thailand","2010","39.4","238"
"Thailand","2009","39.6","238"
"Thailand","2008","40.3","238"
"Thailand","2007","39.8","238"
"Thailand","2006","41.8","238"
"Thailand","2004","42.5","238"
"Thailand","2002","41.9","238"
"Thailand","2000","42.8","238"
"Thailand","1999","43.1","238"
"Thailand","1998","41.5","238"
"Thailand","1996","42.9","238"
"Thailand","1994","43.5","238"
"Thailand","1992","47.9","238"
"Thailand","1990","45.3","238"
"Thailand","1988","43.8","250"
"Thailand","1981","45.2","250"
"The Gambia","2020","38.8","212"
"The Gambia","2015","35.9","212"
"The Gambia","2010","43.6","212"
"The Gambia","2003","47.3","99"
"The Gambia","1998","48.3","251"
"Timor-Leste","2014","28.7","252"
"Timor-Leste","2007","27.8","252"
"Timor-Leste","2001","35.9","253"
"Togo","2021","37.9","29"
"Togo","2018","42.5","29"
"Togo","2015","43","31"
"Togo","2011","46","31"
"Togo","2006","42.2","31"
"Tonga","2021","27.1","21"
"Tonga","2015","33.5","21"
"Tonga","2009","37.5","21"
"Tonga","2000","37.7","21"
"Trinidad and Tobago","1992","40.2","254"
"Trinidad and Tobago","1988","42.6","255"
"Tunisia","2021","33.7","256"
"Tunisia","2015","32.8","256"
"Tunisia","2010","35.8","256"
"Tunisia","2005","37.7","256"
"Tunisia","2000","40.8","257"
"Tunisia","1995","41.7","257"
"Tunisia","1990","40.1","258"
"Tunisia","1985","43.4","258"
"Turkmenistan","1998","40.8","2"
"Tuvalu","2010","39.1","150"
"Uganda","2019","42.7","259"
"Uganda","2016","42.8","259"
"Uganda","2012","41","259"
"Uganda","2009","44.2","259"
"Uganda","2005","42.9","259"
"Uganda","2002","45.2","259"
"Uganda","1999","43","260"
"Uganda","1996","39","260"
"Uganda","1992","41.4","260"
"Uganda","1989","44.4","157"
"Ukraine","2020","25.6","261"
"Ukraine","2019","26.6","261"
"Ukraine","2018","26.1","261"
"Ukraine","2017","26","261"
"Ukraine","2016","25","261"
"Ukraine","2015","25.5","261"
"Ukraine","2014","24","261"
"Ukraine","2013","24.6","261"
"Ukraine","2012","24.7","261"
"Ukraine","2011","24.6","261"
"Ukraine","2010","24.8","261"
"Ukraine","2009","25.3","261"
"Ukraine","2008","26.6","261"
"Ukraine","2007","27","261"
"Ukraine","2006","29.8","261"
"Ukraine","2005","29","261"
"Ukraine","2004","28.9","261"
"Ukraine","2003","28.7","261"
"Ukraine","2002","29","261"
"Ukraine","1996","35.2","21"
"Ukraine","1995","39.2","40"
"Ukraine","1993","28.9","262"
"Ukraine","1992","29.7","262"
"United Arab Emirates","2018","26.4","218"
"United Arab Emirates","2013","32.5","218"
"United Kingdom","2021","32.4","263"
"United Kingdom","2020","32.6","263"
"United Kingdom","2019","32.8","263"
"United Kingdom","2018","33.7","263"
"United Kingdom","2017","32.6","263"
"United Kingdom","2016","33.1","263"
"United Kingdom","2015","33.3","263"
"United Kingdom","2014","33.1","263"
"United Kingdom","2013","32.7","263"
"United Kingdom","2012","33.1","263"
"United Kingdom","2011","33.2","263"
"United Kingdom","2010","33.7","263"
"United Kingdom","2009","35.1","263"
"United Kingdom","2008","35.4","263"
"United Kingdom","2007","34.4","263"
"United Kingdom","2006","35.9","263"
"United Kingdom","2005","35.5","263"
"United Kingdom","2004","34.8","263"
"United Kingdom","2003","34.9","263"
"United Kingdom","2002","35.1","263"
"United Kingdom","2001","37.1","263"
"United Kingdom","2000","38.8","263"
"United Kingdom","1999","36.8","263"
"United Kingdom","1998","36.6","263"
"United Kingdom","1997","35.7","263"
"United Kingdom","1996","35.3","263"
"United Kingdom","1995","35.5","263"
"United Kingdom","1994","36","263"
"United Kingdom","1993","35.1","264"
"United Kingdom","1992","35","264"
"United Kingdom","1991","35","264"
"United Kingdom","1990","35.7","264"
"United Kingdom","1989","33.4","264"
"United Kingdom","1988","34.3","264"
"United Kingdom","1987","33.9","264"
"United Kingdom","1986","31.9","264"
"United Kingdom","1985","30.4","264"
"United Kingdom","1984","29.2","264"
"United Kingdom","1983","29.8","264"
"United Kingdom","1982","29.9","264"
"United Kingdom","1981","29.7","264"
"United Kingdom","1980","28.5","264"
"United Kingdom","1979","27.4","264"
"United Kingdom","1978","27.2","264"
"United Kingdom","1977","27.1","264"
"United Kingdom","1976","27.6","264"
"United Kingdom","1975","27.9","264"
"United Kingdom","1974","29","264"
"United Kingdom","1973","28.8","264"
"United Kingdom","1972","28.8","264"
"United Kingdom","1971","29.3","264"
"United Kingdom","1970","28","264"
"United Kingdom","1969","27.9","264"
"United Kingdom","1968","26.8","264"
"United States","2022","41.3","265"
"United States","2021","39.7","265"
"United States","2020","39.7","265"
"United States","2019","41.5","265"
"United States","2018","41.4","265"
"United States","2017","41.2","265"
"United States","2016","41.1","265"
"United States","2015","41.2","265"
"United States","2014","41.5","265"
"United States","2013","40.6","265"
"United States","2012","40.9","265"
"United States","2011","40.9","265"
"United States","2010","40","265"
"United States","2009","40.6","265"
"United States","2008","40.8","265"
"United States","2007","40.8","265"
"United States","2006","41.4","265"
"United States","2005","41","265"
"United States","2004","40.3","265"
"United States","2003","40.8","265"
"United States","2002","40.4","265"
"United States","2001","40.6","266"
"United States","2000","40.1","266"
"United States","1999","40","266"
"United States","1998","40","266"
"United States","1997","40.5","266"
"United States","1996","40.3","266"
"United States","1995","39.9","266"
"United States","1994","40","266"
"United States","1993","40.4","266"
"United States","1992","38.4","266"
"United States","1991","38","266"
"United States","1990","38.3","266"
"United States","1989","38.2","266"
"United States","1988","37.7","266"
"United States","1987","37.2","266"
"United States","1986","37.6","266"
"United States","1985","37.6","266"
"United States","1984","37.3","266"
"United States","1983","37.3","266"
"United States","1982","36.7","266"
"United States","1981","35.5","266"
"United States","1980","34.7","266"
"United States","1979","34.8","266"
"United States","1978","34.8","266"
"United States","1977","35.5","266"
"United States","1976","35.6","266"
"United States","1975","35.6","266"
"United States","1974","35.5","266"
"United States","1973","36.1","266"
"United States","1972","36.7","266"
"United States","1971","36.9","266"
"United States","1970","36.6","266"
"United States","1969","36","266"
"United States","1968","36.3","266"
"United States","1967","36.9","266"
"United States","1966","37.8","266"
"United States","1965","37.5","266"
"United States","1964","38.1","266"
"United States","1963","37.6","266"
"Uruguay","2022","40.6","34"
"Uruguay","2021","40.8","267"
"Uruguay","2020","40.2","34"
"Uruguay","2019","39.7","34"
"Uruguay","2018","39.7","34"
"Uruguay","2017","39.5","34"
"Uruguay","2016","39.7","34"
"Uruguay","2015","40.1","34"
"Uruguay","2014","40.1","34"
"Uruguay","2013","40.5","34"
"Uruguay","2012","39.9","34"
"Uruguay","2011","42.2","34"
"Uruguay","2010","44.5","34"
"Uruguay","2009","45.5","34"
"Uruguay","2008","45.1","34"
"Uruguay","2007","46.4","34"
"Uruguay","2006","45.9","34"
"Uruguay","2005","44.7","268"
"Uruguay","2004","45.9","268"
"Uruguay","2003","45","268"
"Uruguay","2002","45.5","268"
"Uruguay","2001","45","268"
"Uruguay","2000","42.9","268"
"Uruguay","1998","42.5","268"
"Uruguay","1997","41.5","268"
"Uruguay","1996","40.8","268"
"Uruguay","1995","40.9","268"
"Uruguay","1992","41.5","268"
"Uruguay","1989","42.4","71"
"Uruguay","1981","43.6","71"
"Uzbekistan","2022","31.2","1"
"Uzbekistan","2003","35.3","1"
"Uzbekistan","2002","33","1"
"Uzbekistan","2000","36","1"
"Uzbekistan","1998","44.3","1"
"Vanuatu","2019","32.3","269"
"Vanuatu","2010","37.4","21"
"Venezuela","2006","44.7","270"
"Venezuela","2005","49.3","270"
"Venezuela","2004","47.3","270"
"Venezuela","2003","47.9","270"
"Venezuela","2002","48.9","270"
"Venezuela","2001","47.2","270"
"Venezuela","1999","47.7","270"
"Venezuela","1998","48","270"
"Venezuela","1995","47.2","270"
"Venezuela","1992","42.1","270"
"Venezuela","1989","43.8","270"
"Venezuela","1987","53.4","271"
"Venezuela","1981","55.6","271"
"Viet Nam","2022","36.1","272"
"Viet Nam","2020","36.8","272"
"Viet Nam","2018","35.7","272"
"Viet Nam","2016","35.3","272"
"Viet Nam","2014","34.8","272"
"Viet Nam","2012","35.6","272"
"Viet Nam","2010","39.3","272"
"Viet Nam","2008","35.6","272"
"Viet Nam","2006","35.8","272"
"Viet Nam","2004","36.8","272"
"Viet Nam","2002","37","272"
"Viet Nam","1997","35.4","273"
"Viet Nam","1992","35.7","273"
"West Bank and Gaza","2016","33.7","274"
"West Bank and Gaza","2011","34.4","274"
"West Bank and Gaza","2010","35.3","274"
"West Bank and Gaza","2009","34.5","274"
"West Bank and Gaza","2007","35.6","274"
"West Bank and Gaza","2006","34","274"
"West Bank and Gaza","2005","34.7","274"
"West Bank and Gaza","2004","34","274"
"Yemen","2014","36.7","275"
"Yemen","2005","34.7","275"
"Yemen","1998","35","275"
"Zambia","2022","51.5","276"
"Zambia","2015","55.8","277"
"Zambia","2010","52","278"
"Zambia","2006","54.6","279"
"Zambia","2004","54.3","280"
"Zambia","2002","42.1","281"
"Zambia","1998","49.1","282"
"Zambia","1996","48.3","283"
"Zambia","1993","52.6","157"
"Zambia","1991","59.4","1"
"Zimbabwe","2019","50.3","284"
"Zimbabwe","2017","44.3","285"
"Zimbabwe","2011","43.2","286"